message_id,user_id,channel_id,created_at,reply_to,content_size,reactions_count
917070273382076446,869555626609627147,889589694889873428,2021-12-05 15:09:51.516000,,15,0
897374554123534337,869555626609627147,889589694889873428,2021-10-12 06:46:06.116000,,15,0
895207433587290132,869555626609627147,889589694889873428,2021-10-06 07:14:44.317000,,16,0
895203611154448404,869555626609627147,889589694889873428,2021-10-06 06:59:32.978000,,16,0
895203521534767114,869555626609627147,889589694889873428,2021-10-06 06:59:11.611000,,16,0
895203293712777257,869555626609627147,889589694889873428,2021-10-06 06:58:17.294000,,16,0
895203027013754930,869555626609627147,889589694889873428,2021-10-06 06:57:13.708000,,16,0
895202934906830860,869555626609627147,889589694889873428,2021-10-06 06:56:51.748000,,16,0
895202661727617024,869555626609627147,889589694889873428,2021-10-06 06:55:46.617000,,16,0
895199729250623549,869555626609627147,889589694889873428,2021-10-06 06:44:07.460000,,16,0
895199431517933598,869555626609627147,889589694889873428,2021-10-06 06:42:56.475000,,16,0
895199346260324382,869555626609627147,889589694889873428,2021-10-06 06:42:36.148000,,16,0
895197686557462548,869555626609627147,889589694889873428,2021-10-06 06:36:00.444000,,16,0
893072486420340736,869555626609627147,889589694889873428,2021-09-30 09:51:13.247000,,15,0
893069425010430012,869555626609627147,889589694889873428,2021-09-30 09:39:03.350000,,15,0
892888823602769952,869555626609627147,889589694889873428,2021-09-29 21:41:24.619000,,16,0
892888531549175808,869555626609627147,889589694889873428,2021-09-29 21:40:14.988000,,16,0
892887078742917200,869555626609627147,889589694889873428,2021-09-29 21:34:28.612000,,16,0
892886966826307624,869555626609627147,889589694889873428,2021-09-29 21:34:01.929000,,16,0
892886916062646292,869555626609627147,889589694889873428,2021-09-29 21:33:49.826000,,16,0
892886777784836138,869555626609627147,889589694889873428,2021-09-29 21:33:16.858000,,11,0
892886746482749471,869555626609627147,889589694889873428,2021-09-29 21:33:09.395000,,4,0
892886723695091762,869555626609627147,889589694889873428,2021-09-29 21:33:03.962000,,16,0
892886099087736843,869555626609627147,889589694889873428,2021-09-29 21:30:35.044000,,16,0
892885790487629866,869555626609627147,889589694889873428,2021-09-29 21:29:21.468000,,13,0
892885554474127382,869555626609627147,889589694889873428,2021-09-29 21:28:25.198000,,16,0
892885365189394443,869555626609627147,889589694889873428,2021-09-29 21:27:40.069000,,16,0
892885343433535531,869555626609627147,889589694889873428,2021-09-29 21:27:34.882000,,15,0
892885118623055872,869555626609627147,889589694889873428,2021-09-29 21:26:41.283000,,16,0
892885022103728178,869555626609627147,889589694889873428,2021-09-29 21:26:18.271000,,16,0
892884909088206908,869555626609627147,889589694889873428,2021-09-29 21:25:51.326000,,11,0
892884819124551691,869555626609627147,889589694889873428,2021-09-29 21:25:29.877000,,16,0
892865817815957585,869555626609627147,889589694889873428,2021-09-29 20:09:59.612000,,15,0
892865766607687731,869555626609627147,889589694889873428,2021-09-29 20:09:47.403000,,15,0
892865755798982746,869555626609627147,889589694889873428,2021-09-29 20:09:44.826000,,11,0
892865704829780008,869555626609627147,889589694889873428,2021-09-29 20:09:32.674000,,6,0
892865633979625522,869555626609627147,889589694889873428,2021-09-29 20:09:15.782000,,6,0
892864481028341793,869555626609627147,889589694889873428,2021-09-29 20:04:40.897000,,11,0
892859590880923788,869555626609627147,889589694889873428,2021-09-29 19:45:14.995000,,15,0
892859575542362152,869555626609627147,889589694889873428,2021-09-29 19:45:11.338000,,11,0
892859558060515398,869555626609627147,889589694889873428,2021-09-29 19:45:07.170000,,7,0
892859510685855744,869555626609627147,889589694889873428,2021-09-29 19:44:55.875000,,4,0
892859282406645760,869555626609627147,889589694889873428,2021-09-29 19:44:01.449000,,7,0
892859042228228136,869555626609627147,889589694889873428,2021-09-29 19:43:04.186000,,15,0
892859027241963520,869555626609627147,889589694889873428,2021-09-29 19:43:00.613000,,4,0
892859005175750666,869555626609627147,889589694889873428,2021-09-29 19:42:55.352000,,4,0
892858921591636008,869555626609627147,889589694889873428,2021-09-29 19:42:35.424000,,4,0
892851908451119225,869555626609627147,889589694889873428,2021-09-29 19:14:43.361000,,4,0
892801377582084127,869555626609627147,889589694889873428,2021-09-29 15:53:55.863000,,13,0
892801360972644373,869555626609627147,889589694889873428,2021-09-29 15:53:51.903000,,11,0
892801337388068875,869555626609627147,889589694889873428,2021-09-29 15:53:46.280000,,7,0
891771104539074580,869555626609627147,889589694889873428,2021-09-26 19:39:59.628000,,7,0
891771078693769216,869555626609627147,889589694889873428,2021-09-26 19:39:53.466000,,7,0
891770806554738749,869555626609627147,889589694889873428,2021-09-26 19:38:48.583000,,7,0
891770165098848286,869555626609627147,889589694889873428,2021-09-26 19:36:15.648000,,7,0
891769922257035264,869555626609627147,889589694889873428,2021-09-26 19:35:17.750000,,7,0
891769784570626089,869555626609627147,889589694889873428,2021-09-26 19:34:44.923000,,7,0
891753883729293332,869555626609627147,889589694889873428,2021-09-26 18:31:33.867000,,7,0
891753338931126283,869555626609627147,889589694889873428,2021-09-26 18:29:23.977000,,7,0
891753211873071165,869555626609627147,889589694889873428,2021-09-26 18:28:53.684000,,7,0
891752600842674186,869555626609627147,889589694889873428,2021-09-26 18:26:28.003000,,7,0
891745112953094184,869555626609627147,889589694889873428,2021-09-26 17:56:42.751000,,7,0
891744287367237665,869555626609627147,889589694889873428,2021-09-26 17:53:25.916000,,7,0
891744149668249640,869555626609627147,889589694889873428,2021-09-26 17:52:53.086000,,7,0
891744001684828260,869555626609627147,889589694889873428,2021-09-26 17:52:17.804000,,7,0
891743313437290496,869555626609627147,889589694889873428,2021-09-26 17:49:33.713000,,7,0
891741634885197875,869555626609627147,889589694889873428,2021-09-26 17:42:53.515000,,7,0
891340010924695622,869555626609627147,889589694889873428,2021-09-25 15:06:58.901000,,7,0
891339952225386536,869555626609627147,889589694889873428,2021-09-25 15:06:44.906000,,7,0
891339810457919488,869555626609627147,889589694889873428,2021-09-25 15:06:11.106000,,7,0
891339116602613811,869555626609627147,889589694889873428,2021-09-25 15:03:25.678000,,7,0
891339044334735360,869555626609627147,889589694889873428,2021-09-25 15:03:08.448000,,7,0
891338882312966184,869555626609627147,889589694889873428,2021-09-25 15:02:29.819000,,7,0
891337912224985160,869555626609627147,889589694889873428,2021-09-25 14:58:38.532000,,7,0
891337845661380618,869555626609627147,889589694889873428,2021-09-25 14:58:22.662000,,7,0
891337658830319656,869555626609627147,889589694889873428,2021-09-25 14:57:38.118000,,7,0
891331441688969277,869555626609627147,889589694889873428,2021-09-25 14:32:55.836000,,7,0
891331298604507146,869555626609627147,889589694889873428,2021-09-25 14:32:21.722000,,7,0
891330978939813948,869555626609627147,889589694889873428,2021-09-25 14:31:05.508000,,7,0
891330899914936350,869555626609627147,889589694889873428,2021-09-25 14:30:46.667000,,3,0
889623474740551711,869555626609627147,889589694889873428,2021-09-20 21:26:04.783000,,2,0
889623448182214697,869555626609627147,889589694889873428,2021-09-20 21:25:58.451000,,4,0
889620464203354123,869555626609627147,889589694889873428,2021-09-20 21:14:07.015000,,4,0
889593434552270868,869555626609627147,889589694889873428,2021-09-20 19:26:42.644000,,3,0
892864455065612288,869555626609627147,889623504754974830,2021-09-29 20:04:34.707000,,11,0
892864437999005767,869555626609627147,889623504754974830,2021-09-29 20:04:30.638000,,4,0
892859633545392199,869555626609627147,889623504754974830,2021-09-29 19:45:25.167000,,7,0
892859539936915486,869555626609627147,889623504754974830,2021-09-29 19:45:02.849000,,7,0
892859529480503366,869555626609627147,889623504754974830,2021-09-29 19:45:00.356000,,4,0
892859134951702538,869555626609627147,889623504754974830,2021-09-29 19:43:26.293000,,7,0
889899478205755412,869555626609627147,889623504754974830,2021-09-21 15:42:49.137000,,2,0
889899466025496636,869555626609627147,889623504754974830,2021-09-21 15:42:46.233000,,2,0
889892984458461205,869555626609627147,889623504754974830,2021-09-21 15:17:00.907000,,2,0
889887804685959269,869555626609627147,889623504754974830,2021-09-21 14:56:25.953000,,2,0
889886939803701268,869555626609627147,889623504754974830,2021-09-21 14:52:59.749000,,2,0
889883263441698817,869555626609627147,889623504754974830,2021-09-21 14:38:23.236000,,2,0
889883257267707936,869555626609627147,889623504754974830,2021-09-21 14:38:21.764000,,10,0
889883246773567519,869555626609627147,889623504754974830,2021-09-21 14:38:19.262000,,15,0
889883234316460063,869555626609627147,889623504754974830,2021-09-21 14:38:16.292000,,2,0
889875403529932850,869555626609627147,889623504754974830,2021-09-21 14:07:09.287000,,5,0
889874991347273738,869555626609627147,889623504754974830,2021-09-21 14:05:31.015000,,3,0
889874301552046120,869555626609627147,889623504754974830,2021-09-21 14:02:46.555000,,3,0
889874123839393822,869555626609627147,889623504754974830,2021-09-21 14:02:04.185000,,3,0
889874087579635752,869555626609627147,889623504754974830,2021-09-21 14:01:55.540000,,3,0
889873867823259759,869555626609627147,889623504754974830,2021-09-21 14:01:03.146000,,4,0
889854596019810314,869555626609627147,889623504754974830,2021-09-21 12:44:28.390000,,2,0
889848855833767947,869555626609627147,889623504754974830,2021-09-21 12:21:39.823000,,2,0
889646905481629797,869555626609627147,889623504754974830,2021-09-20 22:59:11.107000,,2,0
889639575931220028,869555626609627147,889623504754974830,2021-09-20 22:30:03.606000,,2,0
889630853611814932,869555626609627147,889623504754974830,2021-09-20 21:55:24.043000,,2,0
889629742460977203,869555626609627147,889623504754974830,2021-09-20 21:50:59.124000,,2,0
889629418945925211,869555626609627147,889623504754974830,2021-09-20 21:49:41.992000,,2,0
889629409810726962,869555626609627147,889623504754974830,2021-09-20 21:49:39.814000,,2,0
889626593922789466,869555626609627147,889623504754974830,2021-09-20 21:38:28.454000,,2,0
889626586448547850,869555626609627147,889623504754974830,2021-09-20 21:38:26.672000,,2,0
889626547768684554,869555626609627147,889623504754974830,2021-09-20 21:38:17.450000,,2,0
889625589110157354,869555626609627147,889623504754974830,2021-09-20 21:34:28.888000,,2,0
889625582143406110,869555626609627147,889623504754974830,2021-09-20 21:34:27.227000,,2,0
889625563038363679,869555626609627147,889623504754974830,2021-09-20 21:34:22.672000,,2,0
889625554595233813,869555626609627147,889623504754974830,2021-09-20 21:34:20.659000,,2,0
889625543799087105,869555626609627147,889623504754974830,2021-09-20 21:34:18.085000,,2,0
889625257793683516,869555626609627147,889623504754974830,2021-09-20 21:33:09.896000,,2,0
889625166596948018,869555626609627147,889623504754974830,2021-09-20 21:32:48.153000,,2,0
889624829534277712,869555626609627147,889623504754974830,2021-09-20 21:31:27.791000,,2,0
889624809590362183,869555626609627147,889623504754974830,2021-09-20 21:31:23.036000,,2,0
889624794146959410,869555626609627147,889623504754974830,2021-09-20 21:31:19.354000,,3,0
889624665478279189,869555626609627147,889623504754974830,2021-09-20 21:30:48.677000,,3,0
889623853117112340,869555626609627147,889623504754974830,2021-09-20 21:27:34.995000,,2,0
889623537508319312,869555626609627147,889623504754974830,2021-09-20 21:26:19.748000,,2,0
889901634795241483,869555626609627147,889626631558291496,2021-09-21 15:51:23.308000,,2,0
889901619163058246,869555626609627147,889626631558291496,2021-09-21 15:51:19.581000,,2,0
889901452703715418,869555626609627147,889626631558291496,2021-09-21 15:50:39.894000,,2,0
889900327623614554,869555626609627147,889626631558291496,2021-09-21 15:46:11.654000,,2,0
889899980377174066,869555626609627147,889626631558291496,2021-09-21 15:44:48.864000,,2,0
889899943433752576,869555626609627147,889626631558291496,2021-09-21 15:44:40.056000,,2,0
889899917852696587,869555626609627147,889626631558291496,2021-09-21 15:44:33.957000,,2,0
889899719822807040,869555626609627147,889626631558291496,2021-09-21 15:43:46.743000,,2,0
889899492281815080,869555626609627147,889626631558291496,2021-09-21 15:42:52.493000,,2,0
889899444672286740,869555626609627147,889626631558291496,2021-09-21 15:42:41.142000,,2,0
889893595002314823,869555626609627147,889626631558291496,2021-09-21 15:19:26.472000,,2,0
889893008156282880,869555626609627147,889626631558291496,2021-09-21 15:17:06.557000,,2,0
889892920012992522,869555626609627147,889626631558291496,2021-09-21 15:16:45.542000,,2,0
889892429740789770,869555626609627147,889626631558291496,2021-09-21 15:14:48.652000,,2,0
889892395527847967,869555626609627147,889626631558291496,2021-09-21 15:14:40.495000,,2,0
889889558467063838,869555626609627147,889626631558291496,2021-09-21 15:03:24.087000,,2,0
889889376753041439,869555626609627147,889626631558291496,2021-09-21 15:02:40.763000,,2,0
889889314794770462,869555626609627147,889626631558291496,2021-09-21 15:02:25.991000,,2,0
889888427473010688,869555626609627147,889626631558291496,2021-09-21 14:58:54.437000,,2,0
889887816446775377,869555626609627147,889626631558291496,2021-09-21 14:56:28.757000,,2,0
889887783173365770,869555626609627147,889626631558291496,2021-09-21 14:56:20.824000,,2,0
889886954978697226,869555626609627147,889626631558291496,2021-09-21 14:53:03.367000,,2,0
889886913761247262,869555626609627147,889626631558291496,2021-09-21 14:52:53.540000,,2,0
889885380864790588,869555626609627147,889626631558291496,2021-09-21 14:46:48.069000,,2,0
889885058444431370,869555626609627147,889626631558291496,2021-09-21 14:45:31.198000,,2,0
889884497242366023,869555626609627147,889626631558291496,2021-09-21 14:43:17.397000,,2,0
889884265326710814,869555626609627147,889626631558291496,2021-09-21 14:42:22.104000,,2,0
889883921733533736,869555626609627147,889626631558291496,2021-09-21 14:41:00.185000,,2,0
889883529469653042,869555626609627147,889626631558291496,2021-09-21 14:39:26.662000,,2,0
889883518786732072,869555626609627147,889626631558291496,2021-09-21 14:39:24.115000,,2,0
889883273893912607,869555626609627147,889626631558291496,2021-09-21 14:38:25.728000,,2,0
889854411772403752,869555626609627147,889626631558291496,2021-09-21 12:43:44.462000,,2,0
889854398228987914,869555626609627147,889626631558291496,2021-09-21 12:43:41.233000,,3,0
889850053974450176,869555626609627147,889626631558291496,2021-09-21 12:26:25.482000,,3,0
889848867636510720,869555626609627147,889626631558291496,2021-09-21 12:21:42.637000,,2,0
889848836200202281,869555626609627147,889626631558291496,2021-09-21 12:21:35.142000,,5,0
889848375187492865,869555626609627147,889626631558291496,2021-09-21 12:19:45.228000,,2,0
889846872338993193,869555626609627147,889626631558291496,2021-09-21 12:13:46.921000,,2,0
889646923991109642,869555626609627147,889626631558291496,2021-09-20 22:59:15.520000,,2,0
889639860669931551,869555626609627147,889626631558291496,2021-09-20 22:31:11.493000,,2,0
889639823281909840,869555626609627147,889626631558291496,2021-09-20 22:31:02.579000,,2,0
889639804109742100,869555626609627147,889626631558291496,2021-09-20 22:30:58.008000,,2,0
889639593383706625,869555626609627147,889626631558291496,2021-09-20 22:30:07.767000,,2,0
889630887367544882,869555626609627147,889626631558291496,2021-09-20 21:55:32.091000,,2,0
889630869688569868,869555626609627147,889626631558291496,2021-09-20 21:55:27.876000,,2,0
889630837262389320,869555626609627147,889626631558291496,2021-09-20 21:55:20.145000,,2,0
889630820556488745,869555626609627147,889626631558291496,2021-09-20 21:55:16.162000,,2,0
889630809907134476,869555626609627147,889626631558291496,2021-09-20 21:55:13.623000,,2,0
889630792978944091,869555626609627147,889626631558291496,2021-09-20 21:55:09.587000,,2,0
889630769121738782,869555626609627147,889626631558291496,2021-09-20 21:55:03.899000,,2,0
889629772492210186,869555626609627147,889626631558291496,2021-09-20 21:51:06.284000,,2,0
889629755471700009,869555626609627147,889626631558291496,2021-09-20 21:51:02.226000,,2,0
889629691416301589,869555626609627147,889626631558291496,2021-09-20 21:50:46.954000,,2,0
889629437279219742,869555626609627147,889626631558291496,2021-09-20 21:49:46.363000,,2,0
889629389225082981,869555626609627147,889626631558291496,2021-09-20 21:49:34.906000,,2,0
889629350167724072,869555626609627147,889626631558291496,2021-09-20 21:49:25.594000,,2,0
889628893152178267,869555626609627147,889626631558291496,2021-09-20 21:47:36.633000,,2,0
889628184784556082,869555626609627147,889626631558291496,2021-09-20 21:44:47.745000,,2,0
889627690343206933,869555626609627147,889626631558291496,2021-09-20 21:42:49.861000,,2,0
889627671003295825,869555626609627147,889626631558291496,2021-09-20 21:42:45.250000,,2,0
889627337799397406,869555626609627147,889626631558291496,2021-09-20 21:41:25.808000,,2,0
889627137806577675,869555626609627147,889626631558291496,2021-09-20 21:40:38.126000,,2,0
889626855521542204,869555626609627147,889626631558291496,2021-09-20 21:39:30.824000,,2,0
889626839893549087,869555626609627147,889626631558291496,2021-09-20 21:39:27.098000,,2,0
889626643272970260,869555626609627147,889626631558291496,2021-09-20 21:38:40.220000,,2,0
889646870165594112,869555626609627147,889641438055383041,2021-09-20 22:59:02.687000,,7,0
889646830051270696,869555626609627147,889641438055383041,2021-09-20 22:58:53.123000,,1,0
889646792575160330,869555626609627147,889641438055383041,2021-09-20 22:58:44.188000,,1,0
889646615617470496,869555626609627147,889641438055383041,2021-09-20 22:58:01.998000,,3,0
889645993350537246,869555626609627147,889641438055383041,2021-09-20 22:55:33.638000,,3,0
889645688273661993,869555626609627147,889641438055383041,2021-09-20 22:54:20.902000,,1,0
889645669722247229,869555626609627147,889641438055383041,2021-09-20 22:54:16.479000,,2,0
889645455535923202,869555626609627147,889641438055383041,2021-09-20 22:53:25.413000,,7,0
889645434908311603,869555626609627147,889641438055383041,2021-09-20 22:53:20.495000,,2,0
889642320205582348,869555626609627147,889641438055383041,2021-09-20 22:40:57.892000,,2,0
889641917250416670,869555626609627147,889641438055383041,2021-09-20 22:39:21.820000,,8,0
889641875693264926,869555626609627147,889641438055383041,2021-09-20 22:39:11.912000,,1,0
889641737990070342,869555626609627147,889641438055383041,2021-09-20 22:38:39.081000,,8,0
889641708994830387,869555626609627147,889641438055383041,2021-09-20 22:38:32.168000,,1,0
892888392419917845,869555626609627147,892888319728435200,2021-09-29 21:39:41.817000,,19,0
892888381799952404,869555626609627147,892888319728435200,2021-09-29 21:39:39.285000,892888339659759646,28,1
892888339659759646,869555626609627147,892888319728435200,2021-09-29 21:39:29.238000,,17,0
